minute,footprint_mb,gpu_mb,threads,fds,frames,dropped,mean_ms,p99_ms,worst_ms,ticks_over_16ms
0.00,612.6,145.4,25,11,0,0,0.00,0.00,0.00,0
0.50,513.1,144.2,29,11,900,0,6.28,9.76,15.27,0
1.00,418.4,143.2,25,11,899,0,6.50,10.57,13.25,0
1.50,427.0,143.7,29,11,899,0,6.63,10.22,15.01,0
2.00,421.7,143.7,29,11,899,0,6.80,10.73,12.93,0
2.50,438.0,143.7,27,11,899,0,6.69,10.38,12.29,0
3.00,429.7,143.2,27,11,899,0,6.50,10.23,11.08,0
3.50,492.8,143.7,30,11,899,0,6.41,10.23,14.95,0
4.00,438.0,143.7,28,11,899,0,6.84,10.38,15.99,0
4.50,422.8,143.2,25,11,900,0,6.37,10.31,12.45,0
5.00,429.5,143.7,28,11,899,0,6.44,10.64,13.85,0
5.50,421.7,143.2,25,11,899,0,6.56,10.49,15.04,0
6.00,427.4,143.2,27,11,899,0,6.88,10.52,13.11,0
6.50,418.0,143.2,25,11,899,0,6.58,10.28,12.09,0
7.00,444.8,144.2,31,11,899,0,6.59,10.19,15.04,0
7.50,430.2,143.7,28,11,899,0,6.46,10.55,16.31,0
8.00,445.7,144.2,28,11,899,0,6.56,10.33,14.16,0
8.50,418.6,143.2,27,11,899,0,6.50,10.68,16.46,0
9.00,437.5,143.7,27,11,899,0,6.50,10.14,15.08,0
9.50,432.5,143.7,29,11,900,0,6.83,10.67,13.17,0
10.00,425.8,143.2,25,11,899,0,6.55,10.34,12.08,0
